{
	"name": "Default bindings for OculusTouch",
	"controller_type": "oculus_touch",
	"last_edited_by": "UnrealEngine",
	"bindings":
	{
		"/actions/main":
		{
			"sources": [
				{
					"mode": "button",
					"path": "/user/hand/right/input/a",
					"inputs":
					{
						"click":
						{
							"output": "/actions/main/in/TeleportRight"
						}
					}
				},
				{
					"mode": "joystick",
					"path": "/user/hand/right/input/joystick",
					"inputs":
					{
						"click":
						{
							"output": "/actions/main/in/TeleportRight"
						}
					}
				},
				{
					"mode": "button",
					"path": "/user/hand/left/input/x",
					"inputs":
					{
						"click":
						{
							"output": "/actions/main/in/TeleportLeft"
						}
					}
				},
				{
					"mode": "joystick",
					"path": "/user/hand/left/input/joystick",
					"inputs":
					{
						"click":
						{
							"output": "/actions/main/in/TeleportLeft"
						}
					}
				},
				{
					"mode": "trigger",
					"path": "/user/hand/left/input/grip",
					"inputs":
					{
						"click":
						{
							"output": "/actions/main/in/GrabLeft"
						}
					}
				},
				{
					"mode": "trigger",
					"path": "/user/hand/right/input/grip",
					"inputs":
					{
						"click":
						{
							"output": "/actions/main/in/GrabRight"
						}
					}
				},
				{
					"mode": "joystick",
					"path": "/user/hand/left/input/joystick",
					"inputs":
					{
						"position":
						{
							"output": "/actions/main/in/MotionControllerThumbLeft_X,MotionControllerThumbLeft_Y X Y_axis2d"
						}
					}
				},
				{
					"mode": "joystick",
					"path": "/user/hand/right/input/joystick",
					"inputs":
					{
						"position":
						{
							"output": "/actions/main/in/MotionControllerThumbRight_X,MotionControllerThumbRight_Y X Y_axis2d"
						}
					}
				}
			],
			"poses": [
				{
					"output": "/actions/main/in/controllerleft",
					"path": "/user/hand/left/pose/raw",
					"requirement": "optional"
				},
				{
					"output": "/actions/main/in/controllerright",
					"path": "/user/hand/right/pose/raw"
				}
			],
			"skeleton": [
				{
					"output": "/actions/main/in/skeletonleft",
					"path": "/user/hand/left/input/skeleton/left"
				},
				{
					"output": "/actions/main/in/skeletonright",
					"path": "/user/hand/right/input/skeleton/right"
				}
			],
			"haptics": [
				{
					"output": "/actions/main/out/vibrateleft",
					"path": "/user/hand/left/output/haptic"
				},
				{
					"output": "/actions/main/out/vibrateright",
					"path": "/user/hand/right/output/haptic"
				}
			]
		}
	},
	"description": "Virtual Reality BP Game Template-14469661"
}